<?xml version="1.0" encoding="utf-8" standalone="yes"?>
<rss version="2.0" xmlns:atom="http://www.w3.org/2005/Atom">
  <channel>
    <title>About us on DatWit</title>
    <link>http://localhost/datwit/team.html</link>
    <description>Recent content in About us on DatWit</description>
    <generator>Hugo -- gohugo.io</generator>
    <language>en-us</language>
    <lastBuildDate>Fri, 10 Jan 2020 09:51:57 +0600</lastBuildDate>
    
	<atom:link href="http://localhost/datwit/team/index.xml" rel="self" type="application/rss+xml" />
    
    
  </channel>
</rss>