<?xml version="1.0" encoding="utf-8" standalone="yes"?>
<rss version="2.0" xmlns:atom="http://www.w3.org/2005/Atom">
  <channel>
    <title>Categories on DatWit</title>
    <link>http://localhost/datwit/categories.html</link>
    <description>Recent content in Categories on DatWit</description>
    <generator>Hugo -- gohugo.io</generator>
    <language>en-us</language>
    <lastBuildDate>Fri, 10 Jan 2020 09:51:57 +0600</lastBuildDate>
    
	<atom:link href="http://localhost/datwit/categories/index.xml" rel="self" type="application/rss+xml" />
    
    
    <item>
      <title>Marketing</title>
      <link>http://localhost/datwit/categories/marketing.html</link>
      <pubDate>Fri, 10 Jan 2020 09:51:57 +0600</pubDate>
      
      <guid>http://localhost/datwit/categories/marketing.html</guid>
      <description></description>
    </item>
    
  </channel>
</rss>