<?xml version="1.0" encoding="utf-8" standalone="yes"?>
<rss version="2.0" xmlns:atom="http://www.w3.org/2005/Atom">
  <channel>
    <title>Search Result on DatWit</title>
    <link>http://localhost/datwit/search.html</link>
    <description>Recent content in Search Result on DatWit</description>
    <generator>Hugo -- gohugo.io</generator>
    <language>en-us</language>
    <lastBuildDate>Wed, 10 Apr 2019 09:51:57 +0600</lastBuildDate>
    
	<atom:link href="http://localhost/datwit/search/index.xml" rel="self" type="application/rss+xml" />
    
    
  </channel>
</rss>