<?xml version="1.0" encoding="utf-8" standalone="yes"?>
<rss version="2.0" xmlns:atom="http://www.w3.org/2005/Atom">
  <channel>
    <title>DatWit</title>
    <link>http://localhost/datwit/</link>
    <description>Recent content on DatWit</description>
    <generator>Hugo -- gohugo.io</generator>
    <language>en-us</language>
    <lastBuildDate>Fri, 10 Jan 2020 09:51:57 +0600</lastBuildDate>
    
	<atom:link href="http://localhost/datwit/index.xml" rel="self" type="application/rss+xml" />
    
    
    <item>
      <title>Welcome to our amazing blog.</title>
      <link>http://localhost/datwit/blog/welcome.html</link>
      <pubDate>Fri, 10 Jan 2020 09:51:57 +0600</pubDate>
      
      <guid>http://localhost/datwit/blog/welcome.html</guid>
      <description>Welcome to WittyLytics We are very excited to announce the entrance of our company in the IT market.</description>
    </item>
    
  </channel>
</rss>